Workbook

Sheet Übersicht
A1: LLM-Vergleich für Dokumentenverarbeitung (Stand 07.10.2026)
A2: Bewertungen 1–10 sind eine qualitative Einschätzung und keine Messwerte. Bitte mit eigenen Testdokumenten prüfen. Preise sind öffentliche API-Listenpreise in USD pro 1 Mio. Tokens; die tatsächlichen Kosten für Bayer in myGenAssist können abweichen.
A3: Gewichtung (anpassbar) → | K3: 1 | L3: 1 | M3: 1 | N3: 1 | O3: 1 | P3: 1 | Q3: 1
A4: Rang gesamt | B4: Modell | C4: Anbieter | D4: Trainingsdaten bis | E4: Erscheinungsdatum | F4: Input $/1M | G4: Output $/1M | H4: Beispielkosten $ (1 Mio. Input + 200k Output) | I4: Hinweis Kosten | J4: Bildeingabe | K4: OCR Maschinentext aus PDF | L4: OCR Maschinentext aus Bildern | M4: OCR Handschrift aus PDF | N4: OCR Handschrift aus Bildern | O4: DOCX im Layout identisch zur PDF-Vorlage | P4: Text- & Datenextraktion aus PDF (Produkt, Charge, Materialnr.) | Q4: Inhaltliche Zusammenfassung | R4: Gesamtscore (gewichtet) | S4: Preis-Leistungs-Rang | T4: Bemerkung | Z4: Hilfsspalte Score/$
A5: =RANK(R5,$R$5:$R$38) | B5: Claude Opus 4.5 | C5: Anthropic | D5: Jan 2025 | E5: 24.11.2025 | F5: 5 | G5: 25 | H5: =IF(OR(F5="",G5=""),"k. A.",F5+0.2*G5) | I5: Listenpreis | J5: ja | K5: 7 | L5: 7 | M5: 6 | N5: 6 | O5: 8 | P5: 8 | Q5: 8 | R5: =ROUND(SUMPRODUCT(K5:Q5,$K$3:$Q$3)/SUM($K$3:$Q$3),2) | S5: =IF(ISNUMBER(Z5),RANK(Z5,$Z$5:$Z$38,0),"k. A.") | Z5: =IF(ISNUMBER(H5),R5/H5,"")
A6: =RANK(R6,$R$5:$R$38) | B6: Claude Opus 4.6 | C6: Anthropic | D6: Mai 2025 | E6: 05.02.2026 | F6: 5 | G6: 25 | H6: =IF(OR(F6="",G6=""),"k. A.",F6+0.2*G6) | I6: Listenpreis | J6: ja | K6: 8 | L6: 8 | M6: 6 | N6: 6 | O6: 8 | P6: 8 | Q6: 9 | R6: =ROUND(SUMPRODUCT(K6:Q6,$K$3:$Q$3)/SUM($K$3:$Q$3),2) | S6: =IF(ISNUMBER(Z6),RANK(Z6,$Z$5:$Z$38,0),"k. A.") | Z6: =IF(ISNUMBER(H6),R6/H6,"")
A7: =RANK(R7,$R$5:$R$38) | B7: Claude Opus 4.7 | C7: Anthropic | D7: Jan 2026 | E7: 16.04.2026 | F7: 5 | G7: 25 | H7: =IF(OR(F7="",G7=""),"k. A.",F7+0.2*G7) | I7: Listenpreis | J7: ja | K7: 8 | L7: 8 | M7: 7 | N7: 7 | O7: 9 | P7: 9 | Q7: 9 | R7: =ROUND(SUMPRODUCT(K7:Q7,$K$3:$Q$3)/SUM($K$3:$Q$3),2) | S7: =IF(ISNUMBER(Z7),RANK(Z7,$Z$5:$Z$38,0),"k. A.") | Z7: =IF(ISNUMBER(H7),R7/H7,"")
A8: =RANK(R8,$R$5:$R$38) | B8: Claude Opus 4.8 | C8: Anthropic | D8: Jan 2026 | E8: 28.05.2026 | F8: 5 | G8: 25 | H8: =IF(OR(F8="",G8=""),"k. A.",F8+0.2*G8) | I8: gleicher Preis wie Opus 4.7 lt. Anthropic | J8: ja | K8: 9 | L8: 9 | M8: 7 | N8: 7 | O8: 9 | P8: 9 | Q8: 9 | R8: =ROUND(SUMPRODUCT(K8:Q8,$K$3:$Q$3)/SUM($K$3:$Q$3),2) | S8: =IF(ISNUMBER(Z8),RANK(Z8,$Z$5:$Z$38,0),"k. A.") | Z8: =IF(ISNUMBER(H8),R8/H8,"")
A9: =RANK(R9,$R$5:$R$38) | B9: Claude Opus 5 | C9: Anthropic | D9: Mai 2026 | E9: 24.07.2026 | F9: 5 | G9: 25 | H9: =IF(OR(F9="",G9=""),"k. A.",F9+0.2*G9) | I9: Preis aus Sekundärquelle, nicht offiziell bestätigt | J9: ja | K9: 9 | L9: 9 | M9: 8 | N9: 8 | O9: 10 | P9: 9 | Q9: 10 | R9: =ROUND(SUMPRODUCT(K9:Q9,$K$3:$Q$3)/SUM($K$3:$Q$3),2) | S9: =IF(ISNUMBER(Z9),RANK(Z9,$Z$5:$Z$38,0),"k. A.") | Z9: =IF(ISNUMBER(H9),R9/H9,"")
A10: =RANK(R10,$R$5:$R$38) | B10: Claude Opus 5.5 | C10: Anthropic | D10: Jun 2026 | E10: 22.09.2026 | F10: 4 | G10: 20 | H10: =IF(OR(F10="",G10=""),"k. A.",F10+0.2*G10) | I10: Listenpreis (20 % unter Opus 5) | J10: ja | K10: 9 | L10: 9 | M10: 8 | N10: 8 | O10: 10 | P10: 10 | Q10: 10 | R10: =ROUND(SUMPRODUCT(K10:Q10,$K$3:$Q$3)/SUM($K$3:$Q$3),2) | S10: =IF(ISNUMBER(Z10),RANK(Z10,$Z$5:$Z$38,0),"k. A.") | Z10: =IF(ISNUMBER(H10),R10/H10,"")
A11: =RANK(R11,$R$5:$R$38) | B11: Claude Sonnet 4.5 | C11: Anthropic | D11: Jan 2025 | E11: 29.09.2025 | F11: 3 | G11: 15 | H11: =IF(OR(F11="",G11=""),"k. A.",F11+0.2*G11) | I11: Listenpreis (Standard-Sonnet-Preis) | J11: ja | K11: 7 | L11: 7 | M11: 5 | N11: 5 | O11: 7 | P11: 7 | Q11: 8 | R11: =ROUND(SUMPRODUCT(K11:Q11,$K$3:$Q$3)/SUM($K$3:$Q$3),2) | S11: =IF(ISNUMBER(Z11),RANK(Z11,$Z$5:$Z$38,0),"k. A.") | Z11: =IF(ISNUMBER(H11),R11/H11,"")
A12: =RANK(R12,$R$5:$R$38) | B12: Claude Sonnet 4.6 | C12: Anthropic | D12: Aug 2025 | E12: 17.02.2026 | F12: 3 | G12: 15 | H12: =IF(OR(F12="",G12=""),"k. A.",F12+0.2*G12) | I12: Listenpreis (Standard-Sonnet-Preis) | J12: ja | K12: 7 | L12: 7 | M12: 6 | N12: 6 | O12: 8 | P12: 8 | Q12: 8 | R12: =ROUND(SUMPRODUCT(K12:Q12,$K$3:$Q$3)/SUM($K$3:$Q$3),2) | S12: =IF(ISNUMBER(Z12),RANK(Z12,$Z$5:$Z$38,0),"k. A.") | Z12: =IF(ISNUMBER(H12),R12/H12,"")
A13: =RANK(R13,$R$5:$R$38) | B13: Claude Sonnet 5 | C13: Anthropic | D13: Jan 2026 | E13: 30.06.2026 | F13: 3 | G13: 15 | H13: =IF(OR(F13="",G13=""),"k. A.",F13+0.2*G13) | I13: widersprüchlich: 3/15 lt. Launch, 2/10 lt. Sonnet-5.5-Ankündigung | J13: ja | K13: 8 | L13: 8 | M13: 7 | N13: 7 | O13: 9 | P13: 9 | Q13: 9 | R13: =ROUND(SUMPRODUCT(K13:Q13,$K$3:$Q$3)/SUM($K$3:$Q$3),2) | S13: =IF(ISNUMBER(Z13),RANK(Z13,$Z$5:$Z$38,0),"k. A.") | Z13: =IF(ISNUMBER(H13),R13/H13,"")
A14: =RANK(R14,$R$5:$R$38) | B14: Gemini 3 Flash | C14: Google | D14: Jan 2025 | E14: 17.12.2025 | F14: 0.5 | G14: 3 | H14: =IF(OR(F14="",G14=""),"k. A.",F14+0.2*G14) | I14: Listenpreis | J14: ja | K14: 8 | L14: 8 | M14: 7 | N14: 7 | O14: 6 | P14: 7 | Q14: 7 | R14: =ROUND(SUMPRODUCT(K14:Q14,$K$3:$Q$3)/SUM($K$3:$Q$3),2) | S14: =IF(ISNUMBER(Z14),RANK(Z14,$Z$5:$Z$38,0),"k. A.") | Z14: =IF(ISNUMBER(H14),R14/H14,"")
A15: =RANK(R15,$R$5:$R$38) | B15: Gemini 3.1 Flash-Lite | C15: Google | D15: Dez 2025 | E15: 03.03.2026 (GA 07.05.2026) | F15: 0.25 | G15: 1.5 | H15: =IF(OR(F15="",G15=""),"k. A.",F15+0.2*G15) | I15: Listenpreis | J15: ja | K15: 7 | L15: 7 | M15: 6 | N15: 6 | O15: 5 | P15: 6 | Q15: 6 | R15: =ROUND(SUMPRODUCT(K15:Q15,$K$3:$Q$3)/SUM($K$3:$Q$3),2) | S15: =IF(ISNUMBER(Z15),RANK(Z15,$Z$5:$Z$38,0),"k. A.") | Z15: =IF(ISNUMBER(H15),R15/H15,"")
A16: =RANK(R16,$R$5:$R$38) | B16: Gemini 3.1 Pro | C16: Google | D16: Dez 2025 | E16: 19.02.2026 | F16: 2 | G16: 12 | H16: =IF(OR(F16="",G16=""),"k. A.",F16+0.2*G16) | I16: Listenpreis (bis 200k Kontext) | J16: ja | K16: 9 | L16: 9 | M16: 8 | N16: 8 | O16: 7 | P16: 8 | Q16: 8 | R16: =ROUND(SUMPRODUCT(K16:Q16,$K$3:$Q$3)/SUM($K$3:$Q$3),2) | S16: =IF(ISNUMBER(Z16),RANK(Z16,$Z$5:$Z$38,0),"k. A.") | T16: Externer OCR-Benchmark: ca. 90,3 (vor GPT-5.4 mit ca. 85,8) | Z16: =IF(ISNUMBER(H16),R16/H16,"")
A17: =RANK(R17,$R$5:$R$38) | B17: Gemini 3.5 Flash-Lite | C17: Google | D17: Jul 2025 | E17: 21.07.2026 | F17: 0.3 | H17: =IF(OR(F17="",G17=""),"k. A.",F17+0.2*G17) | I17: Output-Preis nicht ermittelt | J17: ja | K17: 7 | L17: 7 | M17: 6 | N17: 6 | O17: 5 | P17: 6 | Q17: 6 | R17: =ROUND(SUMPRODUCT(K17:Q17,$K$3:$Q$3)/SUM($K$3:$Q$3),2) | S17: =IF(ISNUMBER(Z17),RANK(Z17,$Z$5:$Z$38,0),"k. A.") | Z17: =IF(ISNUMBER(H17),R17/H17,"")
A18: =RANK(R18,$R$5:$R$38) | B18: Gemini 3.6 Flash | C18: Google | D18: Jul 2025 | E18: 21.07.2026 | F18: 0.75 | G18: 3.75 | H18: =IF(OR(F18="",G18=""),"k. A.",F18+0.2*G18) | I18: Einführungspreis (Listenpreis 1,50/7,50) | J18: ja | K18: 9 | L18: 9 | M18: 8 | N18: 8 | O18: 7 | P18: 8 | Q18: 8 | R18: =ROUND(SUMPRODUCT(K18:Q18,$K$3:$Q$3)/SUM($K$3:$Q$3),2) | S18: =IF(ISNUMBER(Z18),RANK(Z18,$Z$5:$Z$38,0),"k. A.") | Z18: =IF(ISNUMBER(H18),R18/H18,"")
A19: =RANK(R19,$R$5:$R$38) | B19: Gemini 3.8 Flash | C19: Google | D19: Mär 2026 | E19: 02.09.2026 | F19: 0.75 | G19: 3.75 | H19: =IF(OR(F19="",G19=""),"k. A.",F19+0.2*G19) | I19: Einführungspreis | J19: ja | K19: 9 | L19: 9 | M19: 9 | N19: 9 | O19: 7 | P19: 9 | Q19: 8 | R19: =ROUND(SUMPRODUCT(K19:Q19,$K$3:$Q$3)/SUM($K$3:$Q$3),2) | S19: =IF(ISNUMBER(Z19),RANK(Z19,$Z$5:$Z$38,0),"k. A.") | Z19: =IF(ISNUMBER(H19),R19/H19,"")
A20: =RANK(R20,$R$5:$R$38) | B20: Kimi K3 | C20: Moonshot AI | D20: 2025 | E20: 16.07.2026 | F20: 3 | G20: 15 | H20: =IF(OR(F20="",G20=""),"k. A.",F20+0.2*G20) | I20: Listenpreis Moonshot-API | J20: nicht bestätigt | K20: 7 | L20: 7 | M20: 5 | N20: 5 | O20: 7 | P20: 8 | Q20: 8 | R20: =ROUND(SUMPRODUCT(K20:Q20,$K$3:$Q$3)/SUM($K$3:$Q$3),2) | S20: =IF(ISNUMBER(Z20),RANK(Z20,$Z$5:$Z$38,0),"k. A.") | T20: Open-Weight-Modell (2,8 Bio. Parameter) | Z20: =IF(ISNUMBER(H20),R20/H20,"")
A21: =RANK(R21,$R$5:$R$38) | B21: GPT-5.1 | C21: OpenAI | D21: Okt 2025 | E21: Nov 2025 | F21: 1.25 | G21: 10 | H21: =IF(OR(F21="",G21=""),"k. A.",F21+0.2*G21) | I21: Listenpreis | J21: ja | K21: 7 | L21: 7 | M21: 6 | N21: 6 | O21: 7 | P21: 7 | Q21: 7 | R21: =ROUND(SUMPRODUCT(K21:Q21,$K$3:$Q$3)/SUM($K$3:$Q$3),2) | S21: =IF(ISNUMBER(Z21),RANK(Z21,$Z$5:$Z$38,0),"k. A.") | Z21: =IF(ISNUMBER(H21),R21/H21,"")
A22: =RANK(R22,$R$5:$R$38) | B22: GPT-5.2 | C22: OpenAI | D22: Dez 2025 | E22: 11.12.2025 | F22: 1.75 | G22: 14 | H22: =IF(OR(F22="",G22=""),"k. A.",F22+0.2*G22) | I22: Listenpreis | J22: ja | K22: 8 | L22: 8 | M22: 6 | N22: 6 | O22: 7 | P22: 8 | Q22: 8 | R22: =ROUND(SUMPRODUCT(K22:Q22,$K$3:$Q$3)/SUM($K$3:$Q$3),2) | S22: =IF(ISNUMBER(Z22),RANK(Z22,$Z$5:$Z$38,0),"k. A.") | Z22: =IF(ISNUMBER(H22),R22/H22,"")
A23: =RANK(R23,$R$5:$R$38) | B23: GPT-5.4 | C23: OpenAI | D23: Okt 2025 | E23: 05.03.2026 | F23: 2.5 | G23: 15 | H23: =IF(OR(F23="",G23=""),"k. A.",F23+0.2*G23) | I23: Listenpreis; in myGenAssist kostenlos, solange das gemeinsame Kontingent reicht | J23: ja | K23: 8 | L23: 8 | M23: 7 | N23: 7 | O23: 8 | P23: 8 | Q23: 8 | R23: =ROUND(SUMPRODUCT(K23:Q23,$K$3:$Q$3)/SUM($K$3:$Q$3),2) | S23: =IF(ISNUMBER(Z23),RANK(Z23,$Z$5:$Z$38,0),"k. A.") | Z23: =IF(ISNUMBER(H23),R23/H23,"")
A24: =RANK(R24,$R$5:$R$38) | B24: GPT-5.4 Pro | C24: OpenAI | D24: Aug 2025 | E24: 05.03.2026 | H24: =IF(OR(F24="",G24=""),"k. A.",F24+0.2*G24) | I24: Preis nicht ermittelt (deutlich teurer als GPT-5.4) | J24: ja | K24: 9 | L24: 9 | M24: 7 | N24: 7 | O24: 8 | P24: 9 | Q24: 9 | R24: =ROUND(SUMPRODUCT(K24:Q24,$K$3:$Q$3)/SUM($K$3:$Q$3),2) | S24: =IF(ISNUMBER(Z24),RANK(Z24,$Z$5:$Z$38,0),"k. A.") | Z24: =IF(ISNUMBER(H24),R24/H24,"")
A25: =RANK(R25,$R$5:$R$38) | B25: GPT-5.5 | C25: OpenAI | D25: Okt 2025 | E25: 23.04.2026 | F25: 5 | G25: 30 | H25: =IF(OR(F25="",G25=""),"k. A.",F25+0.2*G25) | I25: Listenpreis | J25: ja | K25: 9 | L25: 9 | M25: 8 | N25: 8 | O25: 8 | P25: 9 | Q25: 9 | R25: =ROUND(SUMPRODUCT(K25:Q25,$K$3:$Q$3)/SUM($K$3:$Q$3),2) | S25: =IF(ISNUMBER(Z25),RANK(Z25,$Z$5:$Z$38,0),"k. A.") | Z25: =IF(ISNUMBER(H25),R25/H25,"")
A26: =RANK(R26,$R$5:$R$38) | B26: GPT-5.6 Luna | C26: OpenAI | D26: Okt 2025 | E26: 09.07.2026 | F26: 0.2 | G26: 1.2 | H26: =IF(OR(F26="",G26=""),"k. A.",F26+0.2*G26) | I26: nach Preissenkung am 30.07.2026 (vorher 1/6) | J26: ja | K26: 7 | L26: 7 | M26: 6 | N26: 6 | O26: 6 | P26: 7 | Q26: 7 | R26: =ROUND(SUMPRODUCT(K26:Q26,$K$3:$Q$3)/SUM($K$3:$Q$3),2) | S26: =IF(ISNUMBER(Z26),RANK(Z26,$Z$5:$Z$38,0),"k. A.") | Z26: =IF(ISNUMBER(H26),R26/H26,"")
A27: =RANK(R27,$R$5:$R$38) | B27: GPT-5.6 Sol | C27: OpenAI | D27: Okt 2025 | E27: 09.07.2026 | F27: 4 | G27: 20 | H27: =IF(OR(F27="",G27=""),"k. A.",F27+0.2*G27) | I27: Aktionspreis (Launch: 5/30) | J27: ja | K27: 9 | L27: 9 | M27: 8 | N27: 8 | O27: 9 | P27: 9 | Q27: 9 | R27: =ROUND(SUMPRODUCT(K27:Q27,$K$3:$Q$3)/SUM($K$3:$Q$3),2) | S27: =IF(ISNUMBER(Z27),RANK(Z27,$Z$5:$Z$38,0),"k. A.") | Z27: =IF(ISNUMBER(H27),R27/H27,"")
A28: =RANK(R28,$R$5:$R$38) | B28: GPT-5.6 Terra | C28: OpenAI | D28: Okt 2025 | E28: 09.07.2026 | F28: 2 | G28: 12 | H28: =IF(OR(F28="",G28=""),"k. A.",F28+0.2*G28) | I28: nach 20 % Senkung (vorher 2,50/15); in myGenAssist kostenlos, solange das gemeinsame Kontingent reicht | J28: ja | K28: 8 | L28: 8 | M28: 7 | N28: 7 | O28: 8 | P28: 8 | Q28: 8 | R28: =ROUND(SUMPRODUCT(K28:Q28,$K$3:$Q$3)/SUM($K$3:$Q$3),2) | S28: =IF(ISNUMBER(Z28),RANK(Z28,$Z$5:$Z$38,0),"k. A.") | Z28: =IF(ISNUMBER(H28),R28/H28,"")
A29: =RANK(R29,$R$5:$R$38) | B29: GPT-6 Astra | C29: OpenAI | D29: 30.04.2026 | E29: Anfang Sep 2026 | F29: 10 | G29: 50 | H29: =IF(OR(F29="",G29=""),"k. A.",F29+0.2*G29) | I29: Listenpreis | J29: ja | K29: 10 | L29: 10 | M29: 9 | N29: 9 | O29: 9 | P29: 10 | Q29: 10 | R29: =ROUND(SUMPRODUCT(K29:Q29,$K$3:$Q$3)/SUM($K$3:$Q$3),2) | S29: =IF(ISNUMBER(Z29),RANK(Z29,$Z$5:$Z$38,0),"k. A.") | Z29: =IF(ISNUMBER(H29),R29/H29,"")
A30: =RANK(R30,$R$5:$R$38) | B30: GPT-6 Luna | C30: OpenAI | D30: 18.05.2026 | E30: 22.09.2026 | F30: 0.1 | G30: 0.5 | H30: =IF(OR(F30="",G30=""),"k. A.",F30+0.2*G30) | I30: Listenpreis | J30: ja | K30: 8 | L30: 8 | M30: 7 | N30: 7 | O30: 7 | P30: 8 | Q30: 8 | R30: =ROUND(SUMPRODUCT(K30:Q30,$K$3:$Q$3)/SUM($K$3:$Q$3),2) | S30: =IF(ISNUMBER(Z30),RANK(Z30,$Z$5:$Z$38,0),"k. A.") | Z30: =IF(ISNUMBER(H30),R30/H30,"")
A31: =RANK(R31,$R$5:$R$38) | B31: GPT-6 Sol | C31: OpenAI | D31: 20.04.2026 | E31: 22.09.2026 | F31: 2 | G31: 10 | H31: =IF(OR(F31="",G31=""),"k. A.",F31+0.2*G31) | I31: Listenpreis | J31: ja | K31: 9 | L31: 9 | M31: 8 | N31: 8 | O31: 9 | P31: 9 | Q31: 9 | R31: =ROUND(SUMPRODUCT(K31:Q31,$K$3:$Q$3)/SUM($K$3:$Q$3),2) | S31: =IF(ISNUMBER(Z31),RANK(Z31,$Z$5:$Z$38,0),"k. A.") | Z31: =IF(ISNUMBER(H31),R31/H31,"")
A32: =RANK(R32,$R$5:$R$38) | B32: GPT-6.1 Sol | C32: OpenAI | D32: 30.04.2026 | E32: Ende Sep 2026 | F32: 2 | G32: 10 | H32: =IF(OR(F32="",G32=""),"k. A.",F32+0.2*G32) | I32: Listenpreis | J32: ja | K32: 9 | L32: 9 | M32: 9 | N32: 9 | O32: 9 | P32: 9 | Q32: 9 | R32: =ROUND(SUMPRODUCT(K32:Q32,$K$3:$Q$3)/SUM($K$3:$Q$3),2) | S32: =IF(ISNUMBER(Z32),RANK(Z32,$Z$5:$Z$38,0),"k. A.") | T32: lt. OpenAI nahezu Astra-Niveau zu einem Fünftel des Preises | Z32: =IF(ISNUMBER(H32),R32/H32,"")
A33: =RANK(R33,$R$5:$R$38) | B33: GPT-OSS-120B | C33: OpenAI (Open Weight) | D33: k. A. | E33: 05.08.2025 | F33: 0.15 | H33: =IF(OR(F33="",G33=""),"k. A.",F33+0.2*G33) | I33: Preis je Hoster unterschiedlich (z. B. 0,15 Input bei Fireworks) | J33: nein (nur Text) | K33: 2 | L33: 2 | M33: 1 | N33: 1 | O33: 5 | P33: 6 | Q33: 6 | R33: =ROUND(SUMPRODUCT(K33:Q33,$K$3:$Q$3)/SUM($K$3:$Q$3),2) | S33: =IF(ISNUMBER(Z33),RANK(Z33,$Z$5:$Z$38,0),"k. A.") | T33: OCR nur mit vorgeschalteter Textextraktion möglich | Z33: =IF(ISNUMBER(H33),R33/H33,"")
A34: =RANK(R34,$R$5:$R$38) | B34: Grok 4.6 | C34: xAI | D34: unbekannt | E34: 12.08.2026 | F34: 2 | G34: 6 | H34: =IF(OR(F34="",G34=""),"k. A.",F34+0.2*G34) | I34: Listenpreis | J34: nicht bestätigt | K34: 7 | L34: 7 | M34: 6 | N34: 6 | O34: 7 | P34: 8 | Q34: 8 | R34: =ROUND(SUMPRODUCT(K34:Q34,$K$3:$Q$3)/SUM($K$3:$Q$3),2) | S34: =IF(ISNUMBER(Z34),RANK(Z34,$Z$5:$Z$38,0),"k. A.") | T34: Nachfolger Grok 4.7 seit 21.09.2026 | Z34: =IF(ISNUMBER(H34),R34/H34,"")
A35: =RANK(R35,$R$5:$R$38) | B35: DeepSeek-V4.1-Flash | C35: DeepSeek | D35: 2025 | E35: 09.09.2026 | H35: =IF(OR(F35="",G35=""),"k. A.",F35+0.2*G35) | I35: Preis nicht ermittelt | J35: nicht bestätigt | K35: 2 | L35: 2 | M35: 1 | N35: 1 | O35: 6 | P35: 7 | Q35: 7 | R35: =ROUND(SUMPRODUCT(K35:Q35,$K$3:$Q$3)/SUM($K$3:$Q$3),2) | S35: =IF(ISNUMBER(Z35),RANK(Z35,$Z$5:$Z$38,0),"k. A.") | T35: Bildeingabe nicht bestätigt, daher OCR niedrig | Z35: =IF(ISNUMBER(H35),R35/H35,"")
A36: =RANK(R36,$R$5:$R$38) | B36: GLM-5 | C36: Zhipu / Z.ai | D36: 2025 | E36: Anfang 2026 (nicht bestätigt) | H36: =IF(OR(F36="",G36=""),"k. A.",F36+0.2*G36) | I36: Preis nicht ermittelt | J36: nicht bestätigt | K36: 2 | L36: 2 | M36: 1 | N36: 1 | O36: 6 | P36: 7 | Q36: 7 | R36: =ROUND(SUMPRODUCT(K36:Q36,$K$3:$Q$3)/SUM($K$3:$Q$3),2) | S36: =IF(ISNUMBER(Z36),RANK(Z36,$Z$5:$Z$38,0),"k. A.") | T36: Bildeingabe nicht bestätigt, daher OCR niedrig | Z36: =IF(ISNUMBER(H36),R36/H36,"")
A37: =RANK(R37,$R$5:$R$38) | B37: GLM-5.2 | C37: Zhipu / Z.ai | D37: 2025 | E37: 16.06.2026 | F37: 0.152 | G37: 12 | H37: =IF(OR(F37="",G37=""),"k. A.",F37+0.2*G37) | I37: Preis lt. OpenRouter | J37: nicht bestätigt | K37: 2 | L37: 2 | M37: 1 | N37: 1 | O37: 7 | P37: 8 | Q37: 8 | R37: =ROUND(SUMPRODUCT(K37:Q37,$K$3:$Q$3)/SUM($K$3:$Q$3),2) | S37: =IF(ISNUMBER(Z37),RANK(Z37,$Z$5:$Z$38,0),"k. A.") | T37: Bildeingabe nicht bestätigt, daher OCR niedrig | Z37: =IF(ISNUMBER(H37),R37/H37,"")
A38: =RANK(R38,$R$5:$R$38) | B38: Qwen3.8 27B | C38: Alibaba (Open Weight) | D38: 2025 | E38: Aug 2026 | H38: =IF(OR(F38="",G38=""),"k. A.",F38+0.2*G38) | I38: Preis nicht ermittelt (Open Weight) | J38: nicht bestätigt | K38: 6 | L38: 6 | M38: 5 | N38: 5 | O38: 5 | P38: 6 | Q38: 6 | R38: =ROUND(SUMPRODUCT(K38:Q38,$K$3:$Q$3)/SUM($K$3:$Q$3),2) | S38: =IF(ISNUMBER(Z38),RANK(Z38,$Z$5:$Z$38,0),"k. A.") | T38: kleines Modell, für einfache Aufgaben | Z38: =IF(ISNUMBER(H38),R38/H38,"")

Sheet Ranking je Kriterium
A1: Rang je Eigenschaft (1 = bestes Modell; gleiche Bewertung = gleicher Rang)
A3: Modell | B3: OCR Maschinentext aus PDF | C3: OCR Maschinentext aus Bildern | D3: OCR Handschrift aus PDF | E3: OCR Handschrift aus Bildern | F3: DOCX im Layout identisch zur PDF-Vorlage | G3: Text- & Datenextraktion aus PDF (Produkt, Charge, Materialnr.) | H3: Inhaltliche Zusammenfassung | I3: Gesamt
A4: =Übersicht!B5 | B4: =RANK(Übersicht!K5,Übersicht!$K$5:$K$38) | C4: =RANK(Übersicht!L5,Übersicht!$L$5:$L$38) | D4: =RANK(Übersicht!M5,Übersicht!$M$5:$M$38) | E4: =RANK(Übersicht!N5,Übersicht!$N$5:$N$38) | F4: =RANK(Übersicht!O5,Übersicht!$O$5:$O$38) | G4: =RANK(Übersicht!P5,Übersicht!$P$5:$P$38) | H4: =RANK(Übersicht!Q5,Übersicht!$Q$5:$Q$38) | I4: =RANK(Übersicht!R5,Übersicht!$R$5:$R$38)
A5: =Übersicht!B6 | B5: =RANK(Übersicht!K6,Übersicht!$K$5:$K$38) | C5: =RANK(Übersicht!L6,Übersicht!$L$5:$L$38) | D5: =RANK(Übersicht!M6,Übersicht!$M$5:$M$38) | E5: =RANK(Übersicht!N6,Übersicht!$N$5:$N$38) | F5: =RANK(Übersicht!O6,Übersicht!$O$5:$O$38) | G5: =RANK(Übersicht!P6,Übersicht!$P$5:$P$38) | H5: =RANK(Übersicht!Q6,Übersicht!$Q$5:$Q$38) | I5: =RANK(Übersicht!R6,Übersicht!$R$5:$R$38)
A6: =Übersicht!B7 | B6: =RANK(Übersicht!K7,Übersicht!$K$5:$K$38) | C6: =RANK(Übersicht!L7,Übersicht!$L$5:$L$38) | D6: =RANK(Übersicht!M7,Übersicht!$M$5:$M$38) | E6: =RANK(Übersicht!N7,Übersicht!$N$5:$N$38) | F6: =RANK(Übersicht!O7,Übersicht!$O$5:$O$38) | G6: =RANK(Übersicht!P7,Übersicht!$P$5:$P$38) | H6: =RANK(Übersicht!Q7,Übersicht!$Q$5:$Q$38) | I6: =RANK(Übersicht!R7,Übersicht!$R$5:$R$38)
A7: =Übersicht!B8 | B7: =RANK(Übersicht!K8,Übersicht!$K$5:$K$38) | C7: =RANK(Übersicht!L8,Übersicht!$L$5:$L$38) | D7: =RANK(Übersicht!M8,Übersicht!$M$5:$M$38) | E7: =RANK(Übersicht!N8,Übersicht!$N$5:$N$38) | F7: =RANK(Übersicht!O8,Übersicht!$O$5:$O$38) | G7: =RANK(Übersicht!P8,Übersicht!$P$5:$P$38) | H7: =RANK(Übersicht!Q8,Übersicht!$Q$5:$Q$38) | I7: =RANK(Übersicht!R8,Übersicht!$R$5:$R$38)
A8: =Übersicht!B9 | B8: =RANK(Übersicht!K9,Übersicht!$K$5:$K$38) | C8: =RANK(Übersicht!L9,Übersicht!$L$5:$L$38) | D8: =RANK(Übersicht!M9,Übersicht!$M$5:$M$38) | E8: =RANK(Übersicht!N9,Übersicht!$N$5:$N$38) | F8: =RANK(Übersicht!O9,Übersicht!$O$5:$O$38) | G8: =RANK(Übersicht!P9,Übersicht!$P$5:$P$38) | H8: =RANK(Übersicht!Q9,Übersicht!$Q$5:$Q$38) | I8: =RANK(Übersicht!R9,Übersicht!$R$5:$R$38)
A9: =Übersicht!B10 | B9: =RANK(Übersicht!K10,Übersicht!$K$5:$K$38) | C9: =RANK(Übersicht!L10,Übersicht!$L$5:$L$38) | D9: =RANK(Übersicht!M10,Übersicht!$M$5:$M$38) | E9: =RANK(Übersicht!N10,Übersicht!$N$5:$N$38) | F9: =RANK(Übersicht!O10,Übersicht!$O$5:$O$38) | G9: =RANK(Übersicht!P10,Übersicht!$P$5:$P$38) | H9: =RANK(Übersicht!Q10,Übersicht!$Q$5:$Q$38) | I9: =RANK(Übersicht!R10,Übersicht!$R$5:$R$38)
A10: =Übersicht!B11 | B10: =RANK(Übersicht!K11,Übersicht!$K$5:$K$38) | C10: =RANK(Übersicht!L11,Übersicht!$L$5:$L$38) | D10: =RANK(Übersicht!M11,Übersicht!$M$5:$M$38) | E10: =RANK(Übersicht!N11,Übersicht!$N$5:$N$38) | F10: =RANK(Übersicht!O11,Übersicht!$O$5:$O$38) | G10: =RANK(Übersicht!P11,Übersicht!$P$5:$P$38) | H10: =RANK(Übersicht!Q11,Übersicht!$Q$5:$Q$38) | I10: =RANK(Übersicht!R11,Übersicht!$R$5:$R$38)
A11: =Übersicht!B12 | B11: =RANK(Übersicht!K12,Übersicht!$K$5:$K$38) | C11: =RANK(Übersicht!L12,Übersicht!$L$5:$L$38) | D11: =RANK(Übersicht!M12,Übersicht!$M$5:$M$38) | E11: =RANK(Übersicht!N12,Übersicht!$N$5:$N$38) | F11: =RANK(Übersicht!O12,Übersicht!$O$5:$O$38) | G11: =RANK(Übersicht!P12,Übersicht!$P$5:$P$38) | H11: =RANK(Übersicht!Q12,Übersicht!$Q$5:$Q$38) | I11: =RANK(Übersicht!R12,Übersicht!$R$5:$R$38)
A12: =Übersicht!B13 | B12: =RANK(Übersicht!K13,Übersicht!$K$5:$K$38) | C12: =RANK(Übersicht!L13,Übersicht!$L$5:$L$38) | D12: =RANK(Übersicht!M13,Übersicht!$M$5:$M$38) | E12: =RANK(Übersicht!N13,Übersicht!$N$5:$N$38) | F12: =RANK(Übersicht!O13,Übersicht!$O$5:$O$38) | G12: =RANK(Übersicht!P13,Übersicht!$P$5:$P$38) | H12: =RANK(Übersicht!Q13,Übersicht!$Q$5:$Q$38) | I12: =RANK(Übersicht!R13,Übersicht!$R$5:$R$38)
A13: =Übersicht!B14 | B13: =RANK(Übersicht!K14,Übersicht!$K$5:$K$38) | C13: =RANK(Übersicht!L14,Übersicht!$L$5:$L$38) | D13: =RANK(Übersicht!M14,Übersicht!$M$5:$M$38) | E13: =RANK(Übersicht!N14,Übersicht!$N$5:$N$38) | F13: =RANK(Übersicht!O14,Übersicht!$O$5:$O$38) | G13: =RANK(Übersicht!P14,Übersicht!$P$5:$P$38) | H13: =RANK(Übersicht!Q14,Übersicht!$Q$5:$Q$38) | I13: =RANK(Übersicht!R14,Übersicht!$R$5:$R$38)
A14: =Übersicht!B15 | B14: =RANK(Übersicht!K15,Übersicht!$K$5:$K$38) | C14: =RANK(Übersicht!L15,Übersicht!$L$5:$L$38) | D14: =RANK(Übersicht!M15,Übersicht!$M$5:$M$38) | E14: =RANK(Übersicht!N15,Übersicht!$N$5:$N$38) | F14: =RANK(Übersicht!O15,Übersicht!$O$5:$O$38) | G14: =RANK(Übersicht!P15,Übersicht!$P$5:$P$38) | H14: =RANK(Übersicht!Q15,Übersicht!$Q$5:$Q$38) | I14: =RANK(Übersicht!R15,Übersicht!$R$5:$R$38)
A15: =Übersicht!B16 | B15: =RANK(Übersicht!K16,Übersicht!$K$5:$K$38) | C15: =RANK(Übersicht!L16,Übersicht!$L$5:$L$38) | D15: =RANK(Übersicht!M16,Übersicht!$M$5:$M$38) | E15: =RANK(Übersicht!N16,Übersicht!$N$5:$N$38) | F15: =RANK(Übersicht!O16,Übersicht!$O$5:$O$38) | G15: =RANK(Übersicht!P16,Übersicht!$P$5:$P$38) | H15: =RANK(Übersicht!Q16,Übersicht!$Q$5:$Q$38) | I15: =RANK(Übersicht!R16,Übersicht!$R$5:$R$38)
... A37: =Übersicht!B38 | B37: =RANK(Übersicht!K38,Übersicht!$K$5:$K$38) | C37: =RANK(Übersicht!L38,Übersicht!$L$5:$L$38) | D37: =RANK(Übersicht!M38,Übersicht!$M$5:$M$38) | E37: =RANK(Übersicht!N38,Übersicht!$N$5:$N$38) | F37: =RANK(Übersicht!O38,Übersicht!$O$5:$O$38) | G37: =RANK(Übersicht!P38,Übersicht!$P$5:$P$38) | H37: =RANK(Übersicht!Q38,Übersicht!$Q$5:$Q$38) | I37: =RANK(Übersicht!R38,Übersicht!$R$5:$R$38)

Sheet Top 5 je Kriterium
A1: Top 5 je Eigenschaft (bei Gleichstand: günstigeres Modell zuerst)
A3: OCR Maschinentext aus PDF | B3: OCR Maschinentext aus Bildern | C3: OCR Handschrift aus PDF | D3: OCR Handschrift aus Bildern | E3: DOCX im Layout identisch zur PDF-Vorlage | F3: Text- & Datenextraktion aus PDF (Produkt, Charge, Materialnr.) | G3: Inhaltliche Zusammenfassung
A4: 1. GPT-6 Astra (10) | B4: 1. GPT-6 Astra (10) | C4: 1. Gemini 3.8 Flash (9) | D4: 1. Gemini 3.8 Flash (9) | E4: 1. Claude Opus 5.5 (10) | F4: 1. Claude Opus 5.5 (10) | G4: 1. Claude Opus 5.5 (10)
A5: 2. Gemini 3.6 Flash (9) | B5: 2. Gemini 3.6 Flash (9) | C5: 2. GPT-6.1 Sol (9) | D5: 2. GPT-6.1 Sol (9) | E5: 2. Claude Opus 5 (10) | F5: 2. GPT-6 Astra (10) | G5: 2. Claude Opus 5 (10)
A6: 3. Gemini 3.8 Flash (9) | B6: 3. Gemini 3.8 Flash (9) | C6: 3. GPT-6 Astra (9) | D6: 3. GPT-6 Astra (9) | E6: 3. GPT-6 Sol (9) | F6: 3. Gemini 3.8 Flash (9) | G6: 3. GPT-6 Astra (10)
A7: 4. GPT-6 Sol (9) | B7: 4. GPT-6 Sol (9) | C7: 4. Gemini 3.6 Flash (8) | D7: 4. Gemini 3.6 Flash (8) | E7: 4. GPT-6.1 Sol (9) | F7: 4. GPT-6 Sol (9) | G7: 4. GPT-6 Sol (9)
A8: 5. GPT-6.1 Sol (9) | B8: 5. GPT-6.1 Sol (9) | C8: 5. GPT-6 Sol (8) | D8: 5. GPT-6 Sol (8) | E8: 5. Claude Sonnet 5 (9) | F8: 5. GPT-6.1 Sol (9) | G8: 5. GPT-6.1 Sol (9)

Sheet Methodik & Hinweise
A1: Bewertungsskala | B1: 1 = ungeeignet, 10 = sehr gut. Es handelt sich um eine qualitative Einschätzung auf Basis von Modellgeneration, Modellklasse (Pro/Opus/Flash/Lite), Herstellerangaben und öffentlich verfügbaren Benchmarks. Für die genannten Einzelaufgaben gibt es keine einheitlichen, öffentlich gemessenen Werte für alle 34 Modelle.
A2: Empfehlung | B2: Vor einer Entscheidung 20–50 reale Bayer-Dokumente (Scans, Fotos, Handschrift, Formulare) als Testset mit 3–5 Kandidaten durchlaufen lassen und Trefferquoten messen.
A3: Kosten für Bayer | B3: Kosten in myGenAssist werden pro Nutzung abgerechnet; jede Division hat ein monatliches Budget, der Preis pro Prompt hängt von Eingabe, Antwort und Modell ab und wird unter jeder Antwort angezeigt. Eine modellbezogene Bayer-Preisliste wurde im BayerNet nicht gefunden. Daher sind öffentliche API-Listenpreise (USD pro 1 Mio. Tokens) als Näherung angegeben.
A4: Beispielkosten | B4: Formel: Inputpreis + 0,2 × Outputpreis = Kosten für 1 Mio. Input-Tokens und 200.000 Output-Tokens (grob ca. 500–700 Seiten PDF-Text). Bilder/Scans erzeugen zusätzliche Tokens.
A5: Gewichtung | B5: In Zeile 3 des Blatts 'Übersicht' lässt sich die Gewichtung je Kriterium (0–10) ändern; Gesamtscore und Ränge rechnen automatisch neu.
A6: Preis-Leistungs-Rang | B6: Gesamtscore geteilt durch Beispielkosten; nur für Modelle mit bekanntem Input- und Outputpreis.
A7: DOCX layoutgetreu | B7: Kein Sprachmodell erzeugt DOCX-Dateien direkt. Das Ergebnis hängt davon ab, ob die Plattform Code-Ausführung bzw. Dateierzeugung (z. B. python-docx) anbietet. Bewertet wird die Fähigkeit des Modells, Layout zu erkennen und passenden Code zu schreiben. Pixelgenaue Übereinstimmung mit einer PDF-Vorlage ist mit keinem Modell garantiert.
A8: Handschrift | B8: Handschrift ist für alle Modelle deutlich schwieriger als Maschinentext. Bei Chargen- und Materialnummern unbedingt eine Prüfung durch Menschen (Vier-Augen-Prinzip) bzw. einen Abgleich mit Stammdaten (Format/Prüfziffer) einplanen.
A9: PDF vs. Bild | B9: Bei PDFs mit Textebene ist keine OCR nötig. Bei gescannten PDFs entspricht die Leistung etwa der bei Bildern. Die Ergebnisse hängen auch davon ab, wie myGenAssist PDFs vorverarbeitet.
A10: Nur-Text-Modelle | B10: Bei GPT-OSS-120B, DeepSeek-V4.1-Flash, GLM-5 und GLM-5.2 wurde keine Bildeingabe bestätigt. OCR ist dort nur über eine vorgeschaltete Textextraktion durch die Plattform möglich, daher die niedrige OCR-Bewertung.
A11: Datenqualität | B11: Erscheinungsdaten und Preise stammen aus Herstellerseiten und Fachpresse (siehe 'Quellen'). Als unsicher markierte Werte sind in der Spalte 'Hinweis Kosten' bzw. 'Erscheinungsdatum' gekennzeichnet. Preise können sich jederzeit ändern.
A12: Datenschutz | B12: myGenAssist darf mit 'Internal'- und 'Restricted'-Daten genutzt werden. Für 'Secret'-Daten ist es nicht freigegeben.

Sheet Quellen
A1: BayerNet: GenAI – When to use what 2026 (myGenAssist: Gebühren pro Nutzung, monatliches Budget pro Nutzer; Internal/Restricted)
A2: BayerNet: myGenAssist – what do you want to know the most? (Kostenmodell, Budget je Division)
A3: https://www.anthropic.com/news/claude-opus-4-5 | /claude-opus-4-6 | /claude-opus-4-7 | /claude-opus-4-8 | /claude-opus-5 | /claude-opus-5-5 | /claude-sonnet-4-5 | /claude-sonnet-4-6 | /claude-sonnet-5
A4: https://platform.claude.com/docs/en/about-claude/pricing
A5: https://blog.google (Gemini 3 Flash, 3.1 Flash-Lite, 3.6 Flash / 3.5 Flash-Lite, 3.8 Flash); https://ai.google.dev/gemini-api/docs/pricing; Google Cloud Agent Platform Pricing
A6: https://www.digitalapplied.com/blog/google-gemini-3-1-pro-benchmarks-pricing-guide
A7: https://openai.com/index/introducing-gpt-5-2 | introducing-gpt-5-4 | introducing-gpt-5-5 | gpt-5-6 | advancing-the-price-performance-frontier-with-gpt-5-6 | gpt-6-astra | introducing-gpt-6-sol-and-luna | introducing-gpt-6-1-sol
A8: https://artificialanalysis.ai/articles/gpt-6-sol-and-luna-push-the-cost-efficiency-frontier; https://www.yottalabs.ai/post/gpt-6-astra-pricing-api-cost-2026
A9: https://blog.brokk.ai/gpt-5-4-ranked/ (Preise GPT-5.1 / 5.2 / 5.4)
A10: https://northflank.com/blog/what-is-kimi-k3-self-hosting (Kimi K3 Preise); https://tosea.ai/blog/kimi-k3-complete-guide (Release)
A11: https://x.ai/news/grok-4-6
A12: https://www.deepseek.com/en/news/deepseek-v4-1-flash/
... A16: https://ofox.ai/blog/best-ai-model-for-ocr-2026/ (OCR-Benchmark: Gemini 3.1 Pro ~90,3; GPT-5.4 ~85,8)
